{
	"version": 2,
	"$schema": "https://schemas.wp.org/wp/6.5/theme.json",
	"settings": {
		"custom": {
			"border": {
				"radius": {
					"small": "min(0.5rem, 1vw)"
				}
			},
			"fontSize": {
				"tiny": "0.75rem"
			},
			"color": {
				"formBorder": "#949494"
			}
		}
	},
	"styles": {
		"blocks": {
			"core/quote": {
				"border": {
					"width": "1px"
				},
				"elements": {
					"cite": {
						"typography": {
							"fontSize": "var(--wp--preset--font-size--small)",
							"fontStyle": "normal"
						}
					}
				},
				"spacing": {
					"padding": {
						"left": "var(--wp--preset--spacing--30)",
						"right": "var(--wp--preset--spacing--30)"
					}
				}
			}
		}
	}
}